{"initial_reset_timestamp": 1590386963.0939128, "timestamps": [1590386979.131897], "episode_lengths": [500], "episode_rewards": [500.0], "episode_types": ["t"]}