{"initial_reset_timestamp": 1590426265.361658, "timestamps": [1590426296.415426], "episode_lengths": [1000], "episode_rewards": [-46.21258412314288], "episode_types": ["t"]}